{"0": [40.7127753, -74.0059728], "1": [31.1048294, 77.17339009999999], "2": [45.998301, 1.218248], "3": [12.9715987, 77.5945627], "4": [52.3555177, -1.1743197], "5": [51.5073509, -0.1277583], "6": [36.1611747, -115.1219028], "7": [6.5243793, 3.3792057], "8": [43.8561002, -79.3370188], "9": [6.5243793, 3.3792057], "10": [48.856614, 2.3522219], "11": [6.5243793, 3.3792057], "12": [9.081999, 8.675277], "13": [23.885942, 45.079162], "14": [46.818188, 8.227511999999999], "15": [-8.783195, 34.508523], "16": [20.593684, 78.96288], "17": [9.081999, 8.675277], "18": [9.081999, 8.675277], "19": [7.257132500000001, 5.205790899999999], "20": [1.352083, 103.819836], "21": [-1.2920659, 36.8219462], "22": [3.0327152, 101.618802], "23": [12.9963018, 77.5712094], "24": [-34.8648233, -57.9085188], "25": [40.80042600000001, -81.335807], "26": [-4.0434771, 39.6682065], "27": [6.5243793, 3.3792057], "28": [53.4308059, -2.175135], "29": [42.8746212, 74.5697617], "30": [51.5073509, -0.1277583], "31": [-6.2030207, 106.8372321], "32": [23.885942, 45.079162], "33": [40.7127753, -74.0059728], "34": [13.0826802, 80.2707184], "35": [-1.2920659, 36.8219462], "36": [42.378282, -85.45498599999999], "37": [52.3555177, -1.1743197], "38": [53.4083714, -2.9915726], "39": [40.7706273, -111.9000758], "40": [43.2557206, -79.8711024], "41": [34.0522342, -118.2436849], "42": [39.68950359999999, -84.1688274], "43": [8.8556838, 7.179025999999999], "44": [4.815554, 7.0498442], "45": [51.5073509, -0.1277583], "46": [33.8937913, 35.5017767], "47": [3.937395, 102.3620378], "48": [52.3555177, -1.1743197], "49": [6.5243793, 3.3792057], "50": [23.885942, 45.079162], "51": [51.5073509, -0.1277583], "52": [51.5073509, -0.1277583], "53": [43.2557206, -79.8711024], "54": [6.5243793, 3.3792057], "55": [47.3714391, -122.1979558], "56": [56.49067119999999, -4.2026458], "57": [51.53244100000001, -0.122203], "58": [56.49067119999999, -4.2026458], "59": [39.9765881, -111.8435898], "60": [52.205337, 0.121817], "61": [15.870032, 100.992541], "62": [42.0918679, -87.94989799999999], "63": [51.5073509, -0.1277583], "64": [12.9963018, 77.5712094], "65": [0.3475964, 32.5825197], "66": [40.7127753, -74.0059728], "67": [6.5243793, 3.3792057], "68": [3.5951956, 98.6722227], "69": [6.5243793, 3.3792057], "70": [-1.2920659, 36.8219462], "71": [36.7525914, -95.99317579999999], "72": [51.5530363, -0.1117459], "73": [51.5073509, -0.1277583], "74": [-33.9248685, 18.4240553], "75": [5.6037168, -0.1869644], "76": [43.5517119, -96.70410489999999], "77": [25.2930554, 55.3514162], "78": [38.3782642, -121.9519115], "79": [37.09024, -95.712891], "80": [42.3619352, -71.1574236], "81": [52.3555177, -1.1743197], "82": [6.5243793, 3.3792057], "83": [23.9468005, 88.0497145], "84": [38.3459963, -0.4906855], "85": [41.87194, 12.56738], "86": [3.0738379, 101.5183469], "87": [9.081999, 8.675277], "88": [55.864237, -4.251806], "89": [39.2705723, -76.6150041], "90": [52.95478319999999, -1.1581086], "91": [51.26654, -1.0923964], "92": [46.034432, 4.072695], "93": [36.0971945, -115.1466648], "94": [41.4916285, -72.08879569999999], "95": [37.7579111, -77.46748579999999], "96": [51.8745, -1.479752], "97": [31.5242843, -9.7505587], "98": [3.094094, 101.5475409], "99": [7.946527, -1.023194], "100": [8.0054917, 10.2600125], "101": [9.081999, 8.675277], "102": [46.811434, 1.686779], "103": [12.9963018, 77.5712094], "104": [6.5243793, 3.3792057], "105": [51.5073509, -0.1277583], "106": [36.098065, -95.895111], "107": [6.5243793, 3.3792057], "108": [23.885942, 45.079162], "109": [51.5073509, -0.1277583], "110": [7.842957900000001, 3.9368439], "111": [51.5073509, -0.1277583], "112": [0.5386586, 116.419389], "113": [9.9280694, -84.0907246], "114": [51.523414, -0.1027321], "115": [36.0726354, -79.7919754], "116": [53.2810955, -6.4345836], "117": [51.5073509, -0.1277583], "118": [15.870032, 100.992541], "119": [7.3775355, 3.9470396], "120": [6.5243793, 3.3792057], "121": [28.5373559, 77.259502], "122": [51.80978229999999, -0.2376744], "123": [52.4750743, -1.829833], "124": [4.210484, 101.975766], "125": [6.5243793, 3.3792057], "126": [37.77679639999999, -122.4166041], "127": [38.7840035, -77.4697111], "128": [31.5242843, -9.7505587], "129": [52.240477, -0.9026560000000001], "130": [51.8786707, -0.4200255], "131": [6.5243793, 3.3792057], "132": [42.7481821, -77.4146876], "133": [48.0463045, 41.2561028], "134": [29.7604267, -95.3698028], "135": [6.5243793, 3.3792057], "136": [9.0764785, 7.398574], "137": [52.4750743, -1.829833], "138": [19.0759837, 72.8776559], "139": [9.081999, 8.675277], "140": [51.5073509, -0.1277583], "141": [-28.1649792, 30.2343141], "142": [51.5548885, -0.108438], "143": [51.5073509, -0.1277583], "144": [9.081999, 8.675277], "145": [19.0759837, 72.8776559], "146": [-1.2920659, 36.8219462], "147": [2.189594, 102.2500868], "148": [51.656489, -0.39032], "149": [10.691803, -61.222503], "150": [6.5243793, 3.3792057], "151": [9.081999, 8.675277], "152": [51.5073509, -0.1277583], "153": [32.789282, -91.8634787], "154": [51.0615205, 1.0470443], "155": [25.2930554, 55.3514162], "156": [-26.1093224, 26.1713917], "157": [39.68950359999999, -84.1688274], "158": [31.768319, 35.21371], "159": [-1.2920659, 36.8219462], "160": [51.5110961, -0.1220427], "161": [9.0764785, 7.398574], "162": [-0.0263303, 109.3425039], "163": [-6.17511, 106.8650395], "164": [24.5246542, 39.5691841], "165": [6.5243793, 3.3792057], "166": [-30.559482, 22.937506], "167": [8.460555, -11.779889], "168": [20.593684, 78.96288], "169": [34.7483954, -82.2787331], "170": [20.6243088, -103.3212248], "171": [-1.2920659, 36.8219462], "172": [41.0071914, -8.641033199999999], "173": [-34.0582933, 18.6724911], "174": [-25.2637399, -57.57592599999999], "175": [1.373333, 32.290275], "176": [39.9917495, -83.040888], "177": [0.3475964, 32.5825197], "178": [6.5243793, 3.3792057], "179": [24.7135517, 46.6752957], "180": [-14.235004, -51.92528], "181": [5.152149, 46.199616], "182": [43.73143049999999, -79.4648198], "183": [51.7343313, 0.4690888], "184": [6.5243793, 3.3792057], "185": [31.7621153, -95.6307891], "186": [51.7225824, -0.2993177], "187": [44.016521, 21.005859], "188": [-1.2920659, 36.8219462], "189": [6.5243793, 3.3792057], "190": [-0.0263303, 109.3425039], "191": [52.0406224, -0.7594171], "192": [-16.5004126, -151.7414904], "193": [40.2667171, 22.5953714], "194": [34.7483954, -82.2787331], "195": [9.0764785, 7.398574], "196": [51.5073509, -0.1277583], "197": [43.5890452, -79.6441198], "198": [18.109581, -77.297508], "199": [6.5243793, 3.3792057], "200": [40.4167754, -3.7037902], "201": [25.118107, 55.200608], "202": [-0.0263303, 109.3425039], "203": [-1.2920659, 36.8219462], "204": [52.3555177, -1.1743197], "205": [9.081999, 8.675277], "206": [52.772099, -1.206166], "207": [3.1830052, 101.74618], "208": [40.7526431, -73.9888854], "209": [34.7483954, -82.2787331], "210": [24.8332708, 92.7789054], "211": [31.7621153, -95.6307891], "212": [3.1830052, 101.74618], "213": [52.3555177, -1.1743197], "214": [52.95478319999999, -1.1581086], "215": [9.0764785, 7.398574], "216": [51.5073509, -0.1277583], "217": [39.9562296, -75.2023233], "218": [2.194418, 102.249063], "219": [53.4651277, -6.2219171], "220": [9.0764785, 7.398574], "221": [34.6862971, 135.5196609], "222": [3.1830052, 101.74618], "223": [6.5243793, 3.3792057], "224": [51.5073509, -0.1277583], "225": [6.5243793, 3.3792057], "226": [52.48624299999999, -1.890401], "227": [39.68950359999999, -84.1688274], "228": [51.5073509, -0.1277583], "229": [36.9857119, -119.8865231], "230": [51.5073509, -0.1277583], "231": [40.7695106, -73.9859068], "232": [-6.17511, 106.8650395], "233": [35.6894875, 139.6917064], "234": [51.5073509, -0.1277583], "235": [6.4583661, 7.5463885], "236": [55.378051, -3.435973], "237": [-6.17511, 106.8650395], "238": [55.378051, -3.435973], "239": [28.6139391, 77.2090212], "240": [-1.2920659, 36.8219462], "241": [12.9715987, 77.5945627], "242": [0.3475964, 32.5825197], "243": [34.6862971, 135.5196609],